{"Validation Loss": 4.196658134460449, "Training loss": 4.246244430541992, "Bleu Score": 0.0, "_timestamp": 1717237709.935355, "_runtime": 26.58967089653015, "_step": 50, "_wandb": {"runtime": 26}}