{"_wandb": {"runtime": 152}, "Validation Loss": 1.1862518902778625, "Training loss": 1.2459981014728547, "Score Bleu": 0.0, "_timestamp": 1717100899.7707262, "_runtime": 152.67585825920105, "_step": 5}