{"Validation Loss": 3.768696266412735, "Training loss": 3.9786180734634398, "Bleu Score": 5.73670052140055e-240, "_timestamp": 1717539783.3328702, "_runtime": 241.90157222747803, "_step": 7, "_wandb": {"runtime": 267}}