{"Training Loss": 4.247423807779948, "_timestamp": 1716844887.5900006, "_runtime": 1679.8396625518799, "_step": 75000, "_wandb": {"runtime": 1679}}