{"Training Loss": 4.431080712212457, "_timestamp": 1716744125.9002466, "_runtime": 386.53731656074524, "_step": 3004}