{"Validation Loss": 2.6886367797851562, "Training loss": 2.719942517578602, "Bleu Score": 0.0, "_timestamp": 1717262087.8477292, "_runtime": 186.07547521591187, "_step": 50, "_wandb": {"runtime": 184}}