{"Validation Loss": 6.991183995140923, "Validation BLEU": 3.429845416362744e-232, "Validation METEOR": 0.04664224664224665, "_timestamp": 1716930822.908488, "_runtime": 6.038283109664917, "_step": 0, "_wandb": {"runtime": 4}}