{"Validation Loss": 1.6715662269365221, "Training loss": 0.022750662135694065, "_timestamp": 1717058668.298452, "_runtime": 331.4426579475403, "_step": 80, "_wandb": {"runtime": 330}}