{"Validation Loss": 1.719041347503662, "Training loss": 0.09770716726779938, "Bleu Score": 3.1625364705224996e-232, "_timestamp": 1717232068.2842925, "_runtime": 23.053337574005127, "_step": 50, "_wandb": {"runtime": 21}}