{"Training Loss": 3.7842545942826704, "_timestamp": 1716744979.7297232, "_runtime": 146.1194281578064, "_step": 1131, "_wandb": {"runtime": 146}}