{"Validation Loss": 0.6282690152525902, "Training loss": 0.34738773871213197, "Bleu Score": 0.1682500476851339, "_timestamp": 1717411223.5827336, "_runtime": 2210.3746185302734, "_step": 50, "_wandb": {"runtime": 2210}}