{"Validation Loss": 1.5887870788574219, "Training loss": 0.10133877396583557, "Bleu Score": 0.0, "_timestamp": 1717233397.642649, "_runtime": 22.636250972747803, "_step": 50, "_wandb": {"runtime": 21}}