{"Validation Loss": 1.1583490949124098, "Training loss": 0.021102421514689922, "Bleu Score": 0.07253266878092876, "_timestamp": 1717234833.371444, "_runtime": 437.93783807754517, "_step": 50, "_wandb": {"runtime": 437}}