{"Validation Loss": 1.8475620203018188, "Training loss": 1.3561683089733123, "_timestamp": 1717106145.502413, "_runtime": 1349.5583419799805, "_step": 50, "_wandb": {"runtime": 1349}}