{"_wandb": {"runtime": 100}, "Validation Loss": 0.9836384241580963, "Training loss": 1.2630855436325072, "_timestamp": 1717109043.4070694, "_runtime": 73.40429949760437, "_step": 1}