{"Validation Loss": 1.3039743223190308, "Training loss": 0.018266739062033594, "_timestamp": 1717108564.2033598, "_runtime": 1510.610209941864, "_step": 50, "_wandb": {"runtime": 1510}}