{"Validation Loss": 0.6252942964434623, "Training loss": 0.3326446611434221, "Bleu Score": 0.17030286303886616, "_timestamp": 1717431674.9755154, "_runtime": 2221.355781316757, "_step": 50, "_wandb": {"runtime": 2221}}