{"Validation Loss": 8.708463266160752, "Validation BLEU": 0.0, "Validation METEOR": 0.0, "_timestamp": 1716930947.3864908, "_runtime": 6.1085357666015625, "_step": 1, "Training loss": 0.09939596621195476, "_wandb": {"runtime": 5}}