{"_wandb": {"runtime": 275}, "Validation Loss": 5.0809676501823375, "Validation BLEU": 6.186418599591014e-82, "Validation METEOR": 0.11748892835143515, "Training loss": 14.663628150653707, "_timestamp": 1717143635.0910366, "_runtime": 268.62560749053955, "_step": 1}