{"Validation Loss": 2.0392143353819847, "Training loss": 2.0597441494464874, "Bleu Score": 0.0, "_timestamp": 1717262540.570694, "_runtime": 249.3076958656311, "_step": 50, "_wandb": {"runtime": 249}}