{"Validation Loss": 1.6505110263824463, "Training loss": 0.09984030574560165, "Bleu Score": 0.0, "_timestamp": 1717233747.1391551, "_runtime": 21.687976121902466, "_step": 50, "_wandb": {"runtime": 20}}