{"Training Loss": 5.059271812438965, "_timestamp": 1716813804.3343184, "_runtime": 1635.5930213928223, "_step": 13206}