{"Validation Loss": 0.5428261414170266, "Training loss": 0.3245630282908678, "Bleu Score": 0.2501342428067999, "_timestamp": 1717413740.2830646, "_runtime": 1975.233080625534, "_step": 50, "_wandb": {"runtime": 1974}}