{"Validation Loss": 4.368564499622333, "Validation BLEU": 0.0011494892084580532, "Validation METEOR": 0.20206924154071362, "Training loss": 12.33766884000938, "_timestamp": 1717154446.2133446, "_runtime": 1678.143379688263, "_step": 6}