{"Validation Loss": 1.0190290411313374, "Training loss": 0.13130482268333435, "_timestamp": 1717109821.4832768, "_runtime": 720.1427359580994, "_step": 50, "_wandb": {"runtime": 719}}