{"Validation Loss": 2.747852921485901, "Training loss": 2.775139869749546, "Bleu Score": 0.0, "_timestamp": 1717408785.8438814, "_runtime": 2138.0135774612427, "_step": 50, "_wandb": {"runtime": 2137}}