{"Training Loss": 3.7110926310221353, "_timestamp": 1716835060.9998205, "_runtime": 1778.4286255836487, "_step": 29999, "Validation Loss": 4.805813278791318}