{"Training Loss": 4.799143473307292, "_timestamp": 1716838529.4348624, "_runtime": 5246.863667488098, "_step": 75000, "Validation Loss": 5.036294579313894, "_wandb": {"runtime": 5246}}