{"Training Loss": 4.954375839233398, "_timestamp": 1716636222.4384072, "_runtime": 1692.8899321556091, "_step": 75000, "_wandb": {"runtime": 1692}}