{"Validation Loss": 1.0985289688110351, "Training loss": 0.07692756828665734, "_timestamp": 1717114293.4706519, "_runtime": 1436.1952688694, "_step": 50, "_wandb": {"runtime": 1435}}