{"Validation Loss": 1.6757852535247804, "Training loss": 1.6335786778926848, "Bleu Score": 5.769911893919217e-82, "_timestamp": 1717263700.754841, "_runtime": 803.4185020923615, "_step": 28, "_wandb": {"runtime": 810}}