{"Validation Loss": 7.480257042778863, "Validation BLEU": 0.0, "Validation METEOR": 0.0, "_timestamp": 1716931923.0149486, "_runtime": 15.640973567962646, "_step": 1, "Training loss": 0.09838119990666706, "_wandb": {"runtime": 15}}