{"Validation Loss": 1.0279340982437133, "Training loss": 1.0047701701521874, "Bleu Score": 0.017601071747218183, "_timestamp": 1717429134.8222308, "_runtime": 444.21073484420776, "_step": 11, "_wandb": {"runtime": 449}}