{"Validation Loss": 6.790108051300049, "Validation BLEU": 0.0, "Validation METEOR": 0.0, "_timestamp": 1716930894.7474065, "_runtime": 5.851242542266846, "_step": 1, "Training loss": 0.09923242378870648, "_wandb": {"runtime": 5}}