{"Validation Loss": 1.0941042232513427, "Training loss": 0.07717531711608172, "_timestamp": 1717112787.6248648, "_runtime": 1468.8068208694458, "_step": 50, "_wandb": {"runtime": 1468}}