{"Validation Loss": 1.7139931857585906, "Training loss": 1.7212625794112681, "Bleu Score": 3.160526975847303e-157, "_timestamp": 1717264770.3212106, "_runtime": 1028.0246715545654, "_step": 50, "_wandb": {"runtime": 1027}}