{"Validation Loss": 1.4023436605930328, "Training loss": 1.389466727524996, "Bleu Score": 0.00015086286035353617, "_timestamp": 1717285951.1146488, "_runtime": 906.1944358348846, "_step": 50, "_wandb": {"runtime": 905}}