{"Validation Loss": 2.6165969371795654, "Training loss": 2.6098388036092124, "Bleu Score": 0.0, "_timestamp": 1717428287.2295449, "_runtime": 24.878561973571777, "_step": 50, "_wandb": {"runtime": 24}}