{"_wandb": {"runtime": 209}, "Validation Loss": 0.3007075988054276, "Training loss": 1.2607678372621536, "_timestamp": 1717103700.8206744, "_runtime": 148.7662694454193, "_step": 5}