{"Validation Loss": 1.1897029976844788, "Training loss": 0.06624746189080179, "_timestamp": 1717108924.0862525, "_runtime": 2703.259302377701, "_step": 50, "_wandb": {"runtime": 2702}}