{"Validation Loss": 0.9137344141006469, "Training loss": 0.48949154065847394, "_timestamp": 1717104215.4897861, "_runtime": 435.0708611011505, "_step": 15, "_wandb": {"runtime": 434}}