{"Training Loss": 4.712831285264757, "_timestamp": 1716743726.7768166, "_runtime": 654.5399436950684, "_step": 4968}