{"_wandb": {"runtime": 153}, "Validation Loss": 157.31230168342591, "Training loss": 1.3108261373996732, "Score Bleu": 0.9926180956037105, "_timestamp": 1717100461.1425397, "_runtime": 153.60371780395508, "_step": 5}