{"Validation Loss": 1.079583237171173, "Training loss": 0.07859803773462773, "_timestamp": 1717110079.2093287, "_runtime": 1434.2153947353363, "_step": 50, "_wandb": {"runtime": 1433}}