{"Validation Loss": 0.6659552246332169, "Training loss": 0.41447591986507176, "Bleu Score": 0.1397092514462737, "_timestamp": 1717406128.3963022, "_runtime": 2220.485583305359, "_step": 50, "_wandb": {"runtime": 2220}}