{"Validation Loss": 4.488182544708252, "Training loss": 4.5524455308914185, "Bleu Score": 0.0, "_timestamp": 1717237885.4034982, "_runtime": 25.850996255874634, "_step": 50, "_wandb": {"runtime": 25}}