{"Validation Loss": 3.3411988735198976, "Training loss": 3.4929165080189706, "Bleu Score": 0.0, "_timestamp": 1717539495.805162, "_runtime": 178.7958860397339, "_step": 8, "_wandb": {"runtime": 193}}