{"Validation Loss": 0.6564708933234215, "Training loss": 0.4039595315232873, "Bleu Score": 0.14584092482189043, "_timestamp": 1717284767.600777, "_runtime": 2218.180984020233, "_step": 50, "_wandb": {"runtime": 2217}}