{"Validation Loss": 1.8068029880523682, "Training loss": 0.09597005695104599, "Bleu Score": 3.1625364705224996e-232, "_timestamp": 1717233182.0810337, "_runtime": 20.908199787139893, "_step": 50, "_wandb": {"runtime": 19}}