{"Validation Loss": 0.8585596510342189, "Training loss": 0.5247708354145288, "Bleu Score": 0.1830379184157403, "_timestamp": 1717416356.993736, "_runtime": 1479.42866396904, "_step": 50, "_wandb": {"runtime": 1479}}