{"Training Loss": 5.197271558973524, "_timestamp": 1716748669.0838895, "_runtime": 1666.9138073921204, "_step": 75000, "_wandb": {"runtime": 1666}}