{"Validation Loss": 1.7809714436531068, "Training loss": 1.9073023089937344, "Bleu Score": 6.445886154430785e-234, "_timestamp": 1717282507.342391, "_runtime": 63.45576810836792, "_step": 2, "_wandb": {"runtime": 63}}