{"Validation Loss": 1.5524228811264038, "Training loss": 1.3668677012125652, "Bleu Score": 2.0522329142172923e-80, "_timestamp": 1717429348.5068462, "_runtime": 32.58596420288086, "_step": 50, "_wandb": {"runtime": 32}}