{"Validation Loss": 1.8448739051818848, "Training loss": 0.09009861946105957, "Bleu Score": 2.529463675301039e-232, "_timestamp": 1717232457.6012068, "_runtime": 21.642799854278564, "_step": 50, "_wandb": {"runtime": 20}}