{"Training Loss": 5.668177127838135, "_timestamp": 1716752373.0184617, "_runtime": 4799.821931600571, "_step": 33414}