{"Training Loss": 5.755756084735577, "_timestamp": 1716814414.0746412, "_runtime": 543.0066373348236, "_step": 25054}