{"Training Loss": 5.849203927176339, "_timestamp": 1716745899.2684276, "_runtime": 819.8952515125275, "_step": 5991}