{"Validation Loss": 6.304125277201335, "Validation BLEU": 0.0, "Validation METEOR": 0.0, "_timestamp": 1716973695.658828, "_runtime": 6.580935001373291, "_step": 1, "Training loss": 0.09773445576985676, "_wandb": {"runtime": 6}}