{"Training Loss": 4.356062571207683, "_timestamp": 1716744612.1127424, "_runtime": 252.75886034965515, "_step": 1950, "_wandb": {"runtime": 253}}