{"Validation Loss": 0.6655924886465072, "Training loss": 0.42771798092871904, "Bleu Score": 0.14320854565911362, "_timestamp": 1717402869.8491735, "_runtime": 2146.690432548523, "_step": 48}