{"Validation Loss": 1.9403921365737915, "Training loss": 2.094503482182821, "Bleu Score": 0.0, "_timestamp": 1717427794.211718, "_runtime": 26.83862614631653, "_step": 2, "_wandb": {"runtime": 31}}