{"Validation Loss": 4.829252218670315, "Validation BLEU": 0.0, "Validation METEOR": 0.0, "_timestamp": 1716978806.2506893, "_runtime": 2.9780752658843994, "_step": 1, "Training loss": 0.07765021145820618, "_wandb": {"runtime": 2}}