{"Validation Loss": 0.9804097548127174, "Training loss": 0.8824981935322285, "Bleu Score": 0.016624911949007656, "_timestamp": 1717282174.4994655, "_runtime": 1326.1335065364838, "_step": 50, "_wandb": {"runtime": 1325}}