{"Validation Loss": 1.6309069700241088, "Training loss": 1.5373178417682647, "Bleu Score": 0.0001672687105994052, "_timestamp": 1717236844.0613682, "_runtime": 1350.3719022274017, "_step": 50, "_wandb": {"runtime": 1349}}