{"Validation Loss": 0.42844081457172123, "Training loss": 0.18323644064366817, "Bleu Score": 0.13760845300878674, "_timestamp": 1717414665.1107957, "_runtime": 1372.672852754593, "_step": 50, "_wandb": {"runtime": 1372}}