{"Validation Loss": 1.5837987661361694, "Training loss": 1.5217267672220867, "Bleu Score": 2.687247623025687e-156, "_timestamp": 1717428427.982119, "_runtime": 26.69820213317871, "_step": 50, "_wandb": {"runtime": 26}}