{"Validation Loss": 1.1681763857603074, "Training loss": 1.1237627252936364, "Bleu Score": 0.0031465199621300644, "_timestamp": 1717280523.494281, "_runtime": 1046.6028850078583, "_step": 50, "_wandb": {"runtime": 1046}}