{"Validation Loss": 1.221664339542389, "Training loss": 0.019343039218336345, "_timestamp": 1717106698.6370647, "_runtime": 1496.3647196292877, "_step": 50, "_wandb": {"runtime": 1494}}