{"Training Loss": 4.477949523925782, "_timestamp": 1716814008.809941, "_runtime": 1808.0309600830078, "_step": 75000, "_wandb": {"runtime": 1807}}