{"Validation Loss": 2.3339412679672242, "Training loss": 2.4459764223098754, "Bleu Score": 0.0, "_timestamp": 1717238145.0082426, "_runtime": 191.29558753967285, "_step": 5}