{"Validation Loss": 1.4453709125518799, "Training loss": 1.3059356212615967, "Bleu Score": 1.7198241666547923e-79, "_timestamp": 1717428064.782503, "_runtime": 38.20483589172363, "_step": 50, "_wandb": {"runtime": 37}}