{"Validation Loss": 1.2215567903518676, "Training loss": 0.019565799028612673, "_timestamp": 1717147620.8147173, "_runtime": 1441.52188038826, "_step": 50, "_wandb": {"runtime": 1440}}